{"cameraMode":{"drawMode":0,"name":"Shaded","section":"Shading Mode"},"sceneLighting":true,"audioPlay":false,"sceneViewState":{"showFog":true,"showMaterialUpdate":false,"showSkybox":true,"showFlares":true,"showImageEffects":true,"showParticleSystems":true},"in2DMode":false,"pivot":{"x":4.1856369972229,"y":-0.9386942386627197,"z":5.993086814880371},"rotation":{"x":0.25744059681892397,"y":-0.017076674848794938,"z":0.00456041656434536,"w":0.9661532640457153},"size":2.71057391166687,"orthographic":false}