{"cameraMode":{"drawMode":0,"name":"Shaded","section":"Shading Mode"},"sceneLighting":true,"audioPlay":false,"sceneViewState":{"showFog":true,"showMaterialUpdate":false,"showSkybox":true,"showFlares":true,"showImageEffects":true,"showParticleSystems":true},"in2DMode":false,"pivot":{"x":15.234536170959473,"y":7.744533538818359,"z":4.908447265625},"rotation":{"x":0.06274380534887314,"y":-0.9164872765541077,"z":0.1591455489397049,"w":0.361737996339798},"size":43.262821197509769,"orthographic":false}